,cancelacion
134,0
4974,0
6262,1
2718,1
3924,0
3822,0
4195,0
4963,0
907,0
3428,1
4346,1
4938,0
3570,0
6563,0
3810,0
3417,0
4704,0
6505,1
399,0
4081,0
6233,1
632,0
6045,0
3858,1
1849,1
5312,1
2456,0
2021,0
3043,0
1670,0
451,1
6468,1
6345,0
1215,1
3120,0
6371,0
4241,0
6402,0
1570,0
1226,0
938,0
585,0
1494,0
6619,1
4906,0
5999,0
331,0
5226,1
4525,1
2522,0
3054,0
1412,0
2042,1
6481,1
3186,1
2980,0
1157,0
6447,0
3374,1
4468,0
6044,1
6347,0
4621,1
4995,0
1297,0
3384,0
1511,0
5147,0
3685,0
2388,0
4196,0
1979,1
4801,1
4950,1
281,1
1446,0
498,1
5144,1
6023,0
4653,0
5240,0
6812,1
2345,0
5956,0
6303,1
3161,1
5976,1
2853,0
2608,0
5455,1
4725,0
1637,0
3253,1
6914,0
5253,1
5808,0
351,1
5849,0
1628,0
6377,0
4199,0
6048,0
5708,1
6113,0
581,0
3797,0
1752,0
5187,1
4983,0
2188,1
4580,0
6630,0
6249,0
1666,0
50,0
1266,1
6833,0
3863,1
3488,1
2827,0
2668,1
4315,1
2159,1
2856,1
3845,1
6597,0
3230,0
3366,0
1879,0
6578,0
4156,1
4317,0
307,0
722,0
4631,0
7001,1
26,0
1847,0
4834,0
837,1
783,0
2487,0
5440,0
3402,0
3656,1
6754,0
5876,1
6480,0
896,1
2390,1
5659,0
6565,0
3021,0
5711,1
6289,0
5414,0
6571,0
3362,0
4630,0
1829,0
3480,0
2195,0
1402,0
3005,0
75,1
4226,0
1075,0
5619,1
3631,0
3063,0
2366,0
771,1
3029,0
6224,0
4883,1
5164,0
2389,0
633,0
6781,0
30,0
6859,0
2913,0
4319,1
2634,0
3654,0
6956,0
908,1
4957,1
1417,0
3575,0
3076,0
6067,0
1021,0
2602,0
994,1
706,0
5819,0
2828,0
6716,0
5962,0
3587,0
6317,0
2730,0
2986,1
2339,0
5909,0
5761,0
3264,0
3122,1
3692,0
921,0
6255,0
1527,1
1448,0
4177,0
2740,1
861,1
2452,0
2,1
3191,1
680,1
4826,0
2656,0
1935,0
5497,0
864,0
4078,0
1443,0
5665,0
4310,0
4470,0
815,0
384,0
6819,0
2512,0
2698,0
6782,0
5771,0
1804,0
150,0
6229,0
5643,0
1089,1
157,1
6031,1
965,0
3060,1
4695,0
6200,0
5855,1
1853,0
2279,0
4837,1
2179,0
5811,0
1430,1
1130,0
2904,1
4899,1
1384,0
53,1
5072,0
754,0
649,1
2457,1
2459,0
5541,1
5790,1
6649,0
2412,0
568,1
2362,1
6917,0
5892,0
5469,0
1141,0
4449,0
6256,1
5604,1
1926,0
3011,0
615,0
3699,0
3116,0
1408,0
4918,0
6342,0
2752,0
6174,0
1197,0
736,1
6662,0
5467,0
957,0
3499,0
2186,1
6215,1
6852,0
5913,0
1889,0
610,0
3889,1
2427,0
369,0
9,0
123,0
5866,1
359,1
3378,1
2731,0
3742,0
5584,0
303,0
2659,0
4677,0
562,0
4572,0
327,1
6024,0
6344,1
758,0
4857,0
3906,0
4458,0
902,0
6955,1
3026,0
6603,0
4455,0
2019,1
2839,0
6312,0
1790,0
6221,0
162,0
1101,1
3877,0
4672,0
1333,0
6073,0
710,0
3214,0
4391,0
2999,0
5350,0
4508,0
5236,0
932,0
2684,0
2706,1
290,0
2641,0
270,0
5205,0
602,1
6414,0
2572,1
339,0
6265,0
855,1
1730,0
497,0
6320,0
5830,0
29,0
1518,0
2862,1
4870,0
5897,0
3621,1
5084,0
4926,0
3240,0
6514,0
5059,0
3604,0
1936,0
1996,0
2000,1
3468,0
2665,0
4975,0
5055,1
1418,0
4960,0
2136,0
5838,0
3294,0
2695,1
4059,0
5635,0
4566,1
1493,0
1640,0
106,0
5303,0
3396,0
5751,0
1954,0
1897,0
2141,0
1428,0
4416,0
3484,0
3201,1
765,1
4813,0
1933,0
691,0
538,0
5200,0
6880,1
516,0
2836,0
2292,0
6059,0
3703,0
5903,0
3224,1
4796,0
1854,0
3739,0
6694,0
2708,0
482,1
2494,0
221,1
5321,0
4287,0
5394,1
1824,0
1915,0
1559,0
4185,1
3393,1
6601,0
6302,1
4838,0
5299,0
6862,0
1385,0
3284,0
5031,1
229,0
6040,0
1082,0
2285,0
127,1
6556,0
1319,1
3200,0
3956,0
6953,0
1245,0
6991,0
4039,0
6912,0
6760,0
752,0
7012,1
711,0
6328,1
5534,0
5121,0
787,1
950,0
1886,0
6485,1
1299,0
5550,1
2346,0
3992,0
4328,1
2142,0
5186,0
5602,0
499,0
1797,0
7011,0
1984,1
4054,0
455,0
4044,1
2207,0
6889,0
3483,0
3017,0
6751,1
5949,0
4153,0
969,0
4186,0
6939,0
5100,0
3936,0
4732,0
4119,0
4093,0
1399,0
6898,1
5070,0
4180,0
2621,1
4474,1
3682,0
2182,0
1784,1
184,0
5926,0
6873,0
5933,1
977,1
1982,1
3591,0
1155,0
616,0
945,0
5881,1
5628,1
2756,0
1941,0
931,0
164,0
447,0
3581,1
5383,1
2835,0
5046,0
1963,1
1002,0
4881,1
5345,1
5703,0
1593,0
6126,0
1484,0
356,0
1803,1
5543,0
5831,0
6309,0
459,0
665,0
5118,0
3653,0
135,0
5655,1
5966,1
1713,0
2745,0
3830,0
6471,0
1741,0
5810,0
275,1
4302,0
974,0
4780,0
677,0
663,1
1274,0
6993,0
2410,0
6261,0
769,1
1439,0
3251,0
1654,0
2606,0
5701,0
4150,1
1023,0
1236,0
6743,0
4157,0
444,0
1961,0
4110,0
2263,1
4534,0
5293,0
3637,1
5646,0
3920,0
6336,1
1971,0
1040,0
314,0
4745,0
4772,0
2670,1
4708,0
282,0
5984,0
6120,0
4235,0
2209,0
5301,1
3490,0
6104,0
4784,0
1331,0
802,0
79,0
912,0
2446,0
5412,0
461,0
5041,0
6392,0
3008,1
1662,0
5802,1
4529,1
4760,0
6525,0
5274,1
194,1
4962,0
3388,0
5622,0
5433,0
3158,0
125,0
748,0
1170,1
5516,0
147,0
6810,1
3800,1
3985,0
3365,1
1558,1
2338,0
4532,0
1911,0
348,0
4279,1
3790,0
2687,0
4687,0
2562,1
1930,0
3749,1
4161,0
6753,0
3082,1
4326,0
6315,0
2184,0
375,0
4646,0
708,1
3691,0
3696,0
4915,1
4073,1
3773,0
2498,1
1043,1
6539,1
1065,1
6181,0
166,0
2771,0
3701,0
2577,0
428,1
2295,0
6714,0
446,0
5679,1
4702,0
1540,0
2350,1
3762,0
1569,0
1233,0
6278,1
3172,0
796,0
4236,0
3760,1
5833,0
3282,0
3344,0
2524,0
3055,1
782,0
810,0
1028,0
4632,0
1583,0
392,0
2006,1
2034,0
2229,1
3133,1
5924,1
6580,0
3561,0
2967,0
1715,0
1290,0
4716,0
5181,0
4675,0
4218,0
707,0
1895,1
6253,0
3165,1
6107,0
149,0
3007,0
4554,0
4246,0
3849,0
345,0
1460,1
4979,1
4549,1
352,1
6322,0
245,0
3972,1
1990,0
2468,1
1705,1
6809,0
1685,0
2458,0
1905,1
6673,0
5420,1
4691,0
4726,0
3031,0
1750,0
324,0
3401,1
5056,0
3481,0
1114,0
6512,1
504,0
6497,1
5508,1
5515,0
2744,0
2183,0
5109,0
5658,1
1161,0
1918,0
2146,0
2035,0
5183,0
1922,0
6185,0
6279,0
4406,1
6154,0
4306,1
2120,0
6177,0
16,0
2689,0
3107,0
5809,0
4425,0
5979,1
4562,0
4816,0
6701,0
5001,0
3045,1
1972,1
1665,0
2510,0
1959,0
5639,0
4155,1
3750,0
1481,1
1279,1
2334,0
6638,0
2864,0
2575,0
6677,0
5402,0
5974,0
1632,0
6161,1
4985,0
6863,0
4668,0
6387,1
4088,0
2380,0
3204,0
5045,0
6407,1
2797,0
2901,0
5043,0
858,0
3708,0
4889,1
1506,0
6082,0
5718,0
513,1
6046,0
5559,0
199,0
3753,0
3160,0
3803,0
144,0
1044,1
3865,0
4544,0
6354,1
6228,0
407,0
480,0
2167,0
5672,1
2122,0
6507,1
1704,0
2246,1
2379,0
80,0
4678,0
5287,0
5448,0
6133,0
3674,0
3901,0
4191,0
7003,0
6868,0
646,1
2237,0
4072,0
231,0
3683,0
460,0
5125,0
2014,0
6900,1
2198,1
5995,0
2460,0
6982,0
4673,1
2396,0
2985,1
3441,0
219,0
4900,0
205,1
6258,0
3036,0
4017,0
2803,1
2669,0
5148,0
7026,1
5264,0
4268,0
5244,0
4587,0
3557,0
2249,0
4537,0
3467,1
5799,0
5668,0
2883,1
4500,0
2133,0
5452,0
6926,1
3684,0
3243,0
285,0
3844,0
2151,1
291,0
4034,1
3539,0
452,0
1151,0
6879,0
1663,0
3080,0
3463,1
2658,0
6740,0
733,0
1968,0
1242,0
6283,0
5269,0
5922,0
4987,1
2761,0
905,0
1890,1
4640,0
6594,0
6450,0
3422,0
3675,1
4679,1
6627,1
3239,0
5288,1
4207,0
4660,0
5422,0
6661,0
6089,0
6250,0
530,0
4930,1
1203,0
234,1
119,1
3051,0
5020,0
4710,0
2480,0
1097,1
1965,0
410,0
226,1
5932,1
1218,0
2851,1
5872,1
5379,0
2917,0
4589,1
2247,0
2135,1
3185,0
4777,0
6416,0
1005,0
476,0
1956,1
439,0
1987,1
6008,0
1787,1
6659,1
3491,0
6205,0
2464,1
1256,0
1940,0
2928,0
2455,0
5129,0
6424,0
4395,0
1330,1
1145,0
391,1
4953,1
613,0
4498,0
2720,0
4806,0
3648,0
5066,0
3416,1
559,1
5329,0
5514,1
549,0
2050,0
5384,0
85,0
4435,1
743,0
820,0
15,0
4456,0
2639,1
2481,0
5336,1
5937,0
1070,0
6995,1
6985,0
5826,0
5692,0
3423,0
334,0
2177,0
4485,0
944,0
6827,0
1191,0
3887,0
1503,0
2434,0
6847,0
6147,0
4428,0
2296,0
6069,0
4595,0
1411,0
841,0
4460,0
2973,0
5921,1
140,0
5969,1
1374,0
6901,0
5553,0
268,1
5992,0
63,1
2691,0
3627,0
2875,1
1684,0
2690,1
6588,1
1998,0
3613,0
4138,0
1758,1
963,0
5090,0
188,0
3330,0
709,0
3573,0
1612,0
3336,0
5211,0
1188,0
4274,0
35,0
2368,0
1526,0
5373,0
1806,0
4894,1
510,0
5171,0
6236,0
1563,0
4206,0
6465,1
2886,0
5008,0
2582,0
2829,1
1552,0
6999,1
3851,0
118,0
3596,0
3636,0
330,0
3523,1
6103,0
1012,0
200,0
4184,1
4650,0
4378,0
4504,0
6299,0
4895,1
311,1
6269,1
3806,0
2571,0
287,0
1424,1
3285,1
5280,1
1604,0
5196,0
6012,0
6915,0
2565,0
6792,1
1946,0
3414,0
4696,0
891,0
5925,1
4173,0
2990,0
4364,0
6213,1
2145,0
1525,0
1727,1
1694,1
6198,0
3935,1
2976,0
3163,1
1720,0
4097,1
6867,0
1866,0
6141,1
5304,0
2208,0
601,0
5481,0
6187,0
3028,0
6860,0
6498,0
4797,0
4250,0
1571,0
2482,1
4629,0
6022,0
4619,0
6715,0
6687,1
5132,1
6437,0
6938,0
5878,1
3472,0
6737,0
2424,0
209,1
3521,0
2585,0
4063,0
2441,0
982,1
1811,1
4271,0
300,0
2219,0
7008,0
1977,1
101,0
1822,0
3882,0
3304,0
5741,0
155,1
6600,0
4164,0
5439,0
1649,1
6698,0
2252,0
313,0
1106,0
432,1
14,0
941,0
126,1
587,1
1240,0
6483,0
371,0
5861,0
471,0
6708,0
2422,1
3732,0
6136,0
5357,0
5785,0
4792,0
6620,0
2632,0
2402,0
718,0
5395,1
6564,0
2530,0
3265,1
2053,0
1775,0
2971,0
5526,0
3190,0
1756,0
1265,0
3602,0
133,0
2418,0
5435,0
1098,0
1907,0
5859,1
6644,0
3027,1
3270,0
224,0
6027,1
881,0
1834,0
2004,0
3577,0
3470,1
4568,0
5477,0
6313,0
5259,0
551,0
5620,1
1584,1
880,0
1821,1
4011,0
4117,0
1680,0
4288,0
6690,0
4415,1
929,0
6368,0
1375,0
4618,0
5501,1
1743,0
4003,0
5364,1
5841,1
1595,0
2314,0
3643,0
3622,1
4866,0
400,0
2351,0
1276,0
1184,0
6735,0
6650,0
217,1
365,0
5461,0
1619,0
4698,1
6337,0
845,1
1200,0
4734,0
839,0
4567,0
6800,0
1567,0
3680,0
3978,0
4970,0
6848,0
3968,0
5375,1
5430,0
3616,1
5370,0
2866,0
2542,0
4609,0
3788,0
583,0
3068,0
1623,0
6949,0
7019,0
6964,1
10,0
4027,0
57,0
4685,0
6164,1
1549,0
5189,1
1839,0
6791,1
3553,1
866,1
2327,0
6016,0
2313,0
6913,1
6487,0
757,0
3805,1
2228,1
5284,0
6066,1
1144,0
2274,0
4211,1
774,0
5078,0
1159,1
2758,1
104,0
776,0
6123,0
6646,0
6846,0
6050,0
2664,0
3524,0
2104,0
3131,1
4264,0
2185,0
2627,0
5251,1
1359,1
2772,0
3618,1
2420,0
2432,0
3690,0
5400,0
604,0
6528,1
3280,0
5381,0
3934,1
2630,1
1943,0
1725,0
1100,0
363,1
3235,0
315,0
2117,1
3325,1
5407,0
5978,0
2623,0
1429,0
1079,0
4954,0
5793,0
1064,0
5612,0
760,0
2469,0
5539,0
4225,1
2964,1
4284,0
915,1
1547,0
4737,1
6196,1
5262,1
4443,0
3562,0
2769,1
2879,0
304,1
4447,0
4964,0
3000,0
1395,0
4825,0
875,0
1942,0
5745,0
4878,0
4988,0
1259,0
4575,0
4253,1
6271,0
3303,0
1500,0
5446,1
4405,0
6284,0
4742,1
4360,1
770,0
2218,0
1512,1
3245,0
211,0
2773,0
571,0
2160,0
4399,0
1476,0
4385,0
5663,0
5944,1
2421,0
6692,0
5728,0
904,0
3725,0
5670,0
3033,0
6755,1
3383,0
6095,0
6204,1
4559,0
1351,1
1165,0
6711,0
1498,1
2254,0
5520,0
6340,1
6653,0
3137,1
3817,1
6586,0
5684,0
6421,0
4683,1
3658,0
739,0
6510,1
6388,1
485,0
34,0
1363,0
4724,0
2984,0
3589,1
5977,1
702,0
1634,0
4033,0
6068,0
5103,0
4118,0
973,0
5159,0
4386,0
1560,0
2337,0
4818,1
1537,1
4162,0
2749,0
1237,0
6786,0
1901,0
6247,0
5254,0
4565,1
5865,0
5617,0
91,0
4298,0
256,0
1326,0
5940,0
4850,1
2462,0
6142,0
923,1
2477,1
196,0
6357,0
2558,1
5746,1
2762,0
129,0
6729,1
1833,0
3601,0
2549,0
4171,0
4879,0
3969,0
4664,1
3246,0
4550,0
3759,0
2998,0
4830,1
358,0
3954,0
4179,0
4076,0
6977,0
5626,0
1373,0
6275,0
5690,0
6992,0
3216,0
5951,0
4004,0
5586,0
3540,1
5098,1
6499,0
1045,0
1238,0
5319,0
5574,1
398,1
5579,0
6922,1
755,0
3421,0
6291,0
3921,0
6970,0
6192,1
6581,1
2319,0
2768,0
338,1
834,0
3356,1
4645,0
1672,0
2010,0
2777,0
3368,0
1983,1
3884,0
2942,1
2631,0
5839,0
78,0
5882,0
6876,0
4228,1
6159,0
5332,1
3324,0
3603,0
6940,0
838,0
4789,0
5465,0
3090,0
3543,0
3814,1
958,0
3032,1
879,1
6515,0
5182,0
3599,0
732,0
6072,1
4757,1
5884,1
5062,1
3258,1
3219,0
3100,0
3323,0
6418,0
1970,1
3948,1
1997,1
258,0
2175,0
2009,0
1053,1
2013,0
6596,1
6640,1
5947,0
2277,0
2114,0
6365,1
5854,0
3117,1
4491,1
3736,1
2647,0
1683,1
1135,0
5827,0
6771,0
5389,0
7029,0
622,0
3215,1
5825,0
4860,1
3006,0
5260,0
4194,0
2654,0
5335,1
6658,0
1605,0
590,0
493,0
4475,1
1677,0
1287,1
6212,0
3515,0
2030,1
6950,1
1308,0
4590,0
1598,0
3155,0
4967,0
2601,0
4002,0
1508,0
1986,0
1575,0
6907,0
6688,0
5906,1
1800,1
928,0
2305,0
6975,0
5155,0
4627,0
13,0
2326,0
3582,0
5985,0
6835,1
2858,0
1807,0
1669,1
4309,0
4429,0
6604,1
4951,1
5900,0
5870,0
6163,1
2131,0
5272,0
408,1
4390,0
4519,1
6226,0
4924,0
813,0
4258,0
1386,0
1601,1
2817,0
3740,1
2763,1
5647,0
1030,0
1059,0
4591,0
4021,0
3250,1
3277,0
3305,0
535,1
2391,1
1814,0
6227,0
193,0
1336,0
3559,0
1332,1
2073,0
873,1
6871,0
2837,0
1182,1
6098,0
544,0
2732,0
4351,0
3426,0
3286,0
913,0
863,1
5864,0
3454,0
1440,0
4450,0
3548,0
2471,0
1732,0
189,0
6628,0
6857,0
3106,0
3660,0
3248,0
2748,0
978,0
156,0
5781,0
1975,0
3148,0
6366,0
44,0
5035,0
1292,1
3909,1
1495,0
5601,1
4615,0
5748,0
2297,1
940,0
3349,1
1369,1
656,0
6063,1
1721,0
1510,0
2251,0
6984,0
1465,1
6801,0
99,0
4114,1
6643,0
6208,0
2618,0
6622,1
3096,0
5742,0
5715,1
2724,1
6590,0
1175,0
3272,0
4453,0
2429,0
5767,0
1163,0
3993,0
6534,0
5840,0
2015,0
1103,1
142,1
3173,0
420,0
4680,1
667,0
5929,0
161,0
5089,0
6404,0
1416,0
3635,0
993,1
2811,0
4419,0
5642,1
6464,0
3864,0
3413,0
4175,0
1923,0
688,0
5572,0
1379,0
141,0
799,0
5044,0
5228,1
2127,0
1944,0
5005,0
2673,1
1222,0
2686,1
4893,0
1295,0
4542,0
2915,1
5857,0
606,1
4420,0
292,0
3070,1
215,0
6146,1
2683,0
7017,0
3464,1
999,1
2807,0
2760,0
5531,1
1513,1
2678,0
589,1
5649,0
4357,1
4553,0
4300,0
3262,0
5346,0
2123,0
1349,0
5265,0
3187,0
2568,0
1112,1
3238,0
364,0
48,0
2940,0
4355,0
6108,1
1556,0
5482,1
250,0
5886,0
2411,0
3332,0
2128,0
3888,0
1676,0
658,0
6807,1
588,0
2624,0
1383,0
2968,1
2719,1
5694,0
2610,0
4743,0
5709,0
3354,1
6840,0
2111,0
5787,0
6144,1
2074,0
3367,0
6353,0
683,1
3320,0
3079,1
4973,0
2685,1
1690,0
5867,0
3004,0
6802,0
617,0
1667,1
6260,0
6009,0
892,0
1894,0
1596,0
5930,0
2383,1
5554,1
6758,1
806,0
6756,0
5614,0
3175,1
4052,0
4231,0
5034,0
5327,1
201,1
6797,1
389,1
4350,0
1189,0
5498,1
5875,0
1786,0
1277,0
5184,0
6574,0
5334,0
2316,1
2222,1
2516,0
5611,0
7031,0
3873,0
1390,0
2189,1
1651,0
1291,0
1529,1
1216,0
4909,0
898,0
2800,1
6529,1
6189,0
6947,0
4204,0
2355,0
1582,0
2258,1
4583,0
4585,0
4706,1
2426,0
1243,1
1616,0
4966,0
2852,0
3755,1
5729,0
2320,1
2996,0
3857,0
1271,0
6966,0
6712,0
3074,0
3567,0
6006,0
1505,0
2493,0
5493,0
4463,0
2306,0
4476,1
662,0
479,0
4961,0
4714,0
6693,0
2906,1
4986,0
5376,1
5585,0
918,0
6252,0
5618,0
2792,0
441,0
310,0
5529,0
1876,0
1621,0
3040,0
1116,0
367,0
3816,0
2587,0
1124,0
3931,0
7022,0
5607,0
5437,0
741,0
1133,0
3940,0
3203,0
5733,0
1467,0
1433,1
3590,1
1298,0
3715,0
4120,1
4115,1
857,0
2329,0
792,0
28,0
6197,0
4140,0
4437,0
2628,1
2880,0
1805,0
3188,1
5480,0
1406,0
1410,0
6243,0
4282,1
3146,0
124,0
3655,0
5982,0
1450,0
2514,0
6153,0
5818,0
4308,0
2291,0
6484,0
1190,0
6288,0
6733,0
3502,0
2119,0
6877,0
3542,0
6550,0
2435,0
4126,0
1328,1
2451,0
5358,0
3697,0
4436,0
6779,1
2553,1
2284,0
6696,1
4676,0
6749,1
4788,0
2395,0
2963,0
3571,0
1969,1
3910,0
2830,0
4823,0
899,0
1250,0
4516,1
2137,0
1344,0
1626,0
6836,1
1376,0
6307,1
2335,0
6717,0
5484,1
2884,0
58,0
3923,1
2703,1
2840,0
811,0
4947,0
2210,0
4748,0
4160,1
2047,0
145,0
6235,1
3777,0
6263,0
1929,0
4060,0
4404,0
6052,0
3558,0
2788,0
6787,0
3831,1
1397,1
1661,0
2223,0
6589,1
4911,1
6064,0
2082,0
3095,0
5436,1
2739,0
1128,1
3651,0
4828,0
2393,0
2505,0
6296,1
1031,0
5169,0
624,0
5038,0
4065,0
3244,0
4863,0
1594,0
2211,0
536,0
1539,0
4149,0
2502,1
5353,0
1099,0
777,0
4229,1
2212,0
6837,0
3058,1
2591,0
2143,0
6218,1
2592,1
1131,1
4221,0
3471,0
4684,0
1696,0
2922,1
6448,1
6158,0
4803,1
4831,0
3528,0
4016,1
5803,0
1937,1
1273,1
3681,0
489,1
5449,1
3111,0
2260,0
3634,0
4996,0
2289,0
1643,0
723,1
481,0
3319,0
5779,0
6411,0
1380,0
6727,0
676,1
4885,0
6086,1
4543,0
2955,0
3624,0
2094,0
6002,0
1345,1
4172,1
4410,0
5828,0
3778,0
4352,0
5298,0
6605,0
2959,1
464,1
3373,1
1499,0
5286,1
5660,0
202,0
318,1
3127,0
5188,0
3997,1
2448,0
4165,0
5143,0
3382,0
4539,1
4366,0
6248,0
1487,0
3183,0
1617,1
4596,1
4942,0
1054,0
3478,0
6003,0
176,0
284,0
2504,0
5194,1
2877,1
3504,0
3482,1
2912,0
2240,1
4440,1
5028,0
5092,0
5052,0
561,0
1828,0
3574,0
5180,0
3664,1
2479,0
6117,1
1668,0
1472,0
927,0
6811,0
4862,0
5685,0
2921,0
7028,1
1697,0
753,0
762,0
1985,0
4905,0
5563,1
4936,0
1712,0
5081,1
1657,1
406,0
86,1
4613,1
4605,0
3442,1
4723,1
333,0
1818,1
2322,1
6719,0
704,1
2370,0
750,1
637,0
5073,0
6703,0
3995,0
5239,0
3385,1
5165,0
2165,1
3056,0
803,0
6519,0
6648,1
71,1
1361,1
6486,0
4594,0
309,0
2086,0
2204,1
273,0
608,1
2269,0
952,0
3157,1
3425,1
1932,1
5387,0
6234,1
5063,0
6633,0
3706,0
5365,0
2854,0
4764,0
4859,0
3375,0
5386,0
3497,0
4886,0
4408,0
1550,0
3943,0
5980,0
6096,0
2943,0
2408,0
4820,1
3765,0
3233,0
2397,1
5423,0
933,0
685,0
6641,1
6720,1
2489,0
1480,1
1533,0
6033,0
6021,0
2125,0
4344,0
5085,0
678,0
4265,1
1455,1
3237,0
5326,0
4934,0
1037,1
900,0
46,0
5388,0
2384,0
5837,0
5774,0
6049,0
5533,0
4849,1
6057,1
2782,0
6878,0
3150,0
361,0
3295,1
3091,0
856,0
4902,0
4148,0
1008,1
3179,0
4545,0
1084,1
4137,0
3181,0
4932,0
848,0
586,0
5198,0
6316,0
5568,1
1148,0
4624,0
3751,0
251,1
4277,0
2785,0
2121,0
2149,0
4483,0
2561,0
1315,0
1432,0
1991,0
5472,0
5243,0
3798,0
6573,0
3726,0
6173,0
103,0
2158,1
805,0
3600,0
1917,0
5163,1
3102,0
6106,0
180,1
6176,0
1837,0
5322,1
1875,1
2540,0
3347,1
5934,0
5167,1
379,1
3510,0
689,0
5510,1
2843,0
5998,1
27,0
3632,0
987,0
871,0
4649,0
6186,0
1270,1
6530,0
68,0
5786,0
5006,0
3629,0
5706,0
3952,0
1868,0
2547,0
1343,0
4223,0
648,1
4053,1
5535,1
2213,0
1698,0
2675,1
3455,1
1162,0
5427,1
6615,0
1994,0
2899,0
5053,1
3886,1
2023,0
2674,1
1081,0
5911,1
1016,0
5150,1
1278,1
1702,0
570,0
4868,0
2701,0
1916,1
1211,0
3345,0
3400,0
3167,0
1202,1
4997,0
6864,0
4582,0
3227,0
4635,0
1353,0
6433,1
1257,0
2280,0
301,0
2478,0
984,0
3953,0
5812,0
1794,0
6503,0
3892,0
4237,0
3854,0
469,1
4791,0
584,0
3619,0
2870,0
4992,0
5673,0
798,0
2203,0
4261,0
2531,0
5214,0
4751,0
2868,0
1358,0
5241,0
1311,0
4146,0
4945,0
6952,0
556,0
1119,0
2646,1
4488,0
6965,1
3518,0
1624,0
5986,0
1341,0
4129,0
4538,1
4586,0
2911,1
1710,1
2635,1
2403,0
0,0
3902,1
4064,0
6379,0
5788,0
4007,0
2200,0
3404,0
2667,0
3813,0
5783,0
3220,0
3124,0
73,0
5735,0
959,0
599,1
6780,0
1534,0
5385,0
5689,0
4593,0
537,0
4569,0
6074,1
6214,0
5292,0
643,0
3049,0
3733,1
595,0
3787,0
2361,0
1660,0
404,0
1268,1
4759,1
2887,0
5115,1
3018,0
5191,0
3257,0
5416,1
253,1
276,1
5814,0
3145,0
1007,0
2872,0
271,1
3439,0
5791,0
5475,1
1557,0
4798,0
3975,1
4252,0
5310,0
5079,0
6560,0
2612,0
3342,0
5012,1
1158,0
5807,0
5954,0
2832,0
5890,0
6267,0
3328,0
4730,0
2885,0
4592,0
5466,0
3061,0
6078,1
3390,0
1606,0
4715,1
5356,1
1445,1
3291,0
679,0
4205,1
5502,0
257,0
3479,0
3569,0
5210,0
388,0
2728,0
1489,1
3209,0
5959,1
1749,0
2712,1
5320,0
4495,0
4219,0
5845,1
5739,0
1546,0
6062,0
277,0
4294,0
4845,1
6820,0
862,0
3386,1
1111,1
910,1
5621,1
6762,0
5889,0
6726,1
5769,0
1896,1
3369,0
19,1
1317,0
5054,0
3737,1
2027,0
1817,1
448,0
2774,0
1778,0
1010,0
5424,0
3915,0
4030,0
1580,0
6245,0
5952,0
2315,1
6419,0
1863,0
3529,0
6823,0
2216,0
6618,0
4327,0
5426,0
4353,0
2392,0
1444,0
4215,1
3896,0
3073,0
4506,0
5549,0
7015,0
1048,0
1396,0
4563,0
5583,0
5404,1
4623,0
3663,1
5077,0
4484,0
4166,0
108,0
437,1
3932,0
3871,0
2440,0
1207,0
3563,0
1541,0
6572,1
3101,0
596,0
3547,0
738,1
3269,0
5699,0
1949,0
582,0
3554,0
6150,0
6657,0
883,0
6902,0
214,1
2989,0
1636,1
5463,0
5599,0
6330,0
422,0
860,0
4107,0
3225,0
4661,0
2810,0
61,0
3748,0
2187,1
5686,0
5095,0
405,0
3273,1
6866,0
5578,0
4771,0
553,0
517,0
6496,0
508,1
827,0
373,0
6014,1
4251,1
5576,0
5822,0
297,0
3486,0
2593,0
4047,0
4880,1
4755,0
3112,0
3492,0
1925,0
2088,0
5051,0
47,0
1815,0
5967,0
523,0
3853,1
2952,0
5491,0
6869,0
1228,0
5111,1
5003,0
265,0
3867,0
6772,0
1088,1
6927,0
1507,0
4014,0
1217,0
4783,0
223,1
3059,0
1457,1
374,0
5410,0
3868,1
1554,0
2896,0
4092,0
1608,0
727,0
6748,0
3289,1
889,0
2616,0
3151,0
1861,0
6652,0
110,1
3799,0
4728,1
5645,0
671,0
1633,0
6386,0
6536,0
4334,0
3213,0
5704,0
5333,1
6854,0
4821,0
3078,1
6504,0
3861,0
6524,0
809,0
909,1
2556,1
1283,0
1085,0
3970,0
3754,1
2786,0
6882,0
6674,0
4411,0
5252,0
2108,1
1017,0
1436,0
6577,0
5637,0
4946,1
6994,0
726,0
3316,0
5421,0
4010,0
793,1
1199,0
1950,0
4858,0
5560,1
3738,1
5973,0
2194,1
4965,1
1062,0
1463,0
4555,0
3942,1
3815,0
1681,0
3228,0
396,0
1688,1
1280,0
4313,0
2381,1
5835,0
6752,0
6699,1
4332,1
4482,0
5990,0
6541,1
4922,0
2754,0
1318,1
1176,0
6420,1
1919,0
3723,0
174,1
2103,1
2318,0
4170,1
5710,1
4984,0
6948,0
885,0
4547,1
5943,0
3196,1
6626,0
5698,0
1296,0
3928,0
1561,0
6473,0
3922,1
5805,0
6905,0
996,0
3945,1
6855,0
1642,0
989,0
6112,0
4032,1
1014,0
6934,0
5460,0
997,1
1597,0
6599,0
4278,0
3313,0
2995,0
3980,0
6960,1
4070,0
1300,0
1178,0
635,0
1831,1
6788,1
241,0
6796,0
5667,1
6639,0
5763,0
746,1
5569,0
6723,0
2138,0
1083,1
2934,1
6925,0
2573,1
4968,1
6195,0
607,0
3669,0
1426,0
1425,0
97,0
6092,1
3259,0
5161,1
5398,0
5308,1
3109,1
5179,0
5633,1
4982,0
4373,0
2485,0
4531,0
1029,0
3093,1
942,0
1312,0
6645,0
6382,1
3226,0
1127,0
54,1
6011,0
1294,0
3541,1
5138,0
2595,1
6609,0
550,1
2340,0
4896,0
3509,1
4374,1
4841,0
4705,0
6526,0
3353,0
6684,0
2892,0
3875,1
6038,0
6225,1
2414,0
6678,0
427,0
6254,1
1899,0
233,0
6178,1
1244,0
6946,0
212,0
1753,1
1609,0
4921,1
325,0
486,0
797,0
2518,0
4026,1
342,0
5316,0
4750,0
2796,0
1764,0
6770,0
3911,1
2693,0
1622,1
5057,0
1881,0
3907,0
3223,1
1629,0
4939,0
5507,0
4642,0
2332,0
4625,0
2613,0
4864,0
1138,1
5016,0
6085,0
492,1
5371,1
6175,0
5844,0
4948,0
5160,0
433,0
2688,0
3756,1
4977,0
6666,0
5594,0
2134,0
3620,0
2888,0
1647,0
74,0
639,0
5566,1
6435,0
2767,0
5279,0
2583,0
2425,0
6359,0
7024,0
4077,0
3514,0
468,1
3939,0
4574,1
5231,0
6831,0
3898,0
6664,1
4452,1
2079,0
5242,0
4305,1
1842,0
1874,1
1909,0
6043,1
55,0
2987,1
2849,1
5754,0
1912,0
6266,0
6314,0
3176,0
1771,0
6865,0
1027,0
5634,1
6194,0
5445,0
946,0
826,1
1485,0
5540,0
5780,0
3184,1
621,0
1350,1
6333,0
2430,1
1614,0
4314,1
1061,1
1241,0
5209,0
1716,0
5719,0
522,1
3744,0
4956,0
3407,0
3318,0
1607,1
2586,1
6376,0
847,1
5222,0
5250,1
5547,1
2775,0
6962,0
2061,0
6041,0
6559,0
5221,0
4887,0
4381,0
4648,0
5285,1
6774,0
5681,1
6206,1
1723,1
6351,0
2682,1
6171,0
2272,0
5557,1
4971,0
5883,0
1364,1
6168,0
955,1
2905,1
1194,1
3348,1
3645,1
5130,1
2371,0
6924,0
2016,1
227,0
3950,1
3360,1
5918,0
4778,0
764,1
402,0
4756,0
612,1
5102,0
6747,0
2960,0
4222,0
2757,0
669,0
322,0
3113,0
2551,1
5067,0
1976,0
525,0
438,0
3057,0
7030,0
6036,0
1900,0
5879,0
5018,1
3979,1
2139,1
5215,0
4465,1
3135,1
5880,0
5112,0
3013,1
1938,0
1729,0
2783,0
2876,0
36,0
445,1
6363,0
2581,0
6494,0
5714,1
3139,0
139,1
2629,0
1744,0
2011,0
6886,0
5392,0
1924,0
630,0
20,0
1974,0
3638,0
4181,1
6808,1
578,0
6976,0
3678,0
5238,0
11,0
2753,1
2546,0
5517,1
6367,1
3494,1
1120,0
1719,0
2231,0
672,0
6707,0
1146,1
6295,0
3071,1
4914,0
3650,0
6679,0
3274,0
3517,0
3357,1
112,1
4876,0
4833,1
4935,0
5842,0
491,1
1502,0
1469,0
985,0
2472,0
5128,1
302,0
5797,1
6425,0
6396,0
6728,0
3824,0
1576,0
6042,0
6325,1
1094,1
5942,0
473,0
4925,0
6217,0
1521,0
3287,1
3168,1
5494,1
6892,0
3389,0
5798,0
3326,0
3298,0
893,0
5592,1
2538,1
512,0
546,1
6394,0
4736,1
1167,1
6834,1
6152,0
4141,1
5369,1
3448,1
4674,0
3929,0
2823,0
2825,0
6613,1
4066,0
6896,0
3387,1
5492,0
901,1
1845,0
6406,0
3297,0
3256,0
1072,1
4139,1
2620,0
3420,0
1139,0
846,0
1282,1
5202,1
289,1
7000,0
4380,0
5399,0
734,1
172,0
3321,0
6280,0
5843,0
1470,0
2501,0
5338,0
6568,0
2113,0
6374,1
2076,0
3607,1
4193,0
478,1
2819,1
1989,0
390,0
266,0
4694,1
6015,1
1314,0
294,0
766,1
1108,0
934,0
3405,0
1988,0
3164,0
6273,0
1453,0
4433,0
6327,0
5720,1
5682,1
579,0
5938,0
5261,0
886,0
744,0
6593,0
598,1
693,0
6709,1
2846,0
3044,0
4257,0
4192,0
6071,0
84,1
2979,0
5151,1
1042,0
6436,0
5120,0
4432,0
4422,0
4421,0
1873,1
5197,0
4255,1
5213,0
2816,0
5476,0
5528,0
3617,0
3550,0
6349,0
6429,0
4095,0
92,1
2202,0
5233,1
1126,0
5821,1
5532,0
3860,0
6845,0
2735,0
949,0
5627,0
4873,1
5311,0
2966,1
3050,0
2105,0
6606,0
1239,0
3912,0
1049,0
3879,1
2054,0
3083,0
1102,0
128,0
6334,0
4761,1
1613,0
416,1
4345,0
3312,1
2801,0
2545,1
4028,0
1398,0
1653,1
2594,0
488,0
5349,1
152,0
3847,0
524,0
4774,0
1788,1
1785,1
3077,0
593,0
3,1
4981,0
729,1
6986,0
6183,0
4239,0
735,0
2466,0
3198,1
3212,0
4020,0
3785,0
3234,1
521,0
3789,0
5895,0
3308,0
3429,1
336,1
6201,0
645,0
605,1
6908,1
6165,0
6081,0
627,1
6135,1
6352,0
6451,0
1113,1
3047,1
3905,1
5486,0
5297,0
1902,0
1377,0
3338,0
6897,0
6244,0
5496,0
323,0
4358,0
5524,0
5677,0
773,0
686,0
1281,0
3752,0
5048,0
5504,0
3982,0
1960,1
514,1
3839,0
2935,0
246,1
6076,0
5931,0
5390,0
967,0
3961,0
2095,1
6065,0
1648,1
2376,0
4853,0
5863,1
5029,1
236,0
5853,0
2268,0
4240,0
5544,0
1227,0
4713,0
1219,1
6795,1
3572,1
3735,0
4681,0
3630,0
3962,0
3734,0
4622,0
2599,0
2799,1
3180,0
768,0
836,0
2506,0
566,0
494,0
4686,0
720,1
3094,0
6974,0
2794,0
5946,1
5522,0
859,0
2449,0
1150,0
4286,0
2981,0
4688,0
2716,0
4245,0
4417,0
5131,1
4856,1
6032,0
1389,0
1836,0
6308,1
2723,0
3996,1
2867,1
5768,0
3140,0
5154,0
2375,0
3512,0
1185,0
3433,0
4200,0
4372,0
6725,0
1504,0
1602,0
4168,0
5955,0
1519,0
534,0
4377,0
3609,0
756,0
6508,0
951,1
4785,0
4604,0
3914,1
419,0
4861,1
1528,0
5987,0
4273,1
1179,1
4426,0
1709,0
1491,0
1468,0
3314,0
3166,1
5273,0
4401,0
5920,0
4497,1
1032,1
4478,0
1675,1
6585,0
1132,0
1759,0
675,0
2311,1
992,0
1544,0
4576,0
5901,0
5023,0
2276,1
1880,0
2746,0
6341,0
5898,0
3266,0
5648,0
2347,1
5789,0
5127,0
1783,0
5513,0
6548,1
5724,0
3983,0
2233,0
259,0
939,0
5010,0
5065,1
1168,1
4781,0
2101,0
3530,0
3232,1
5124,0
5823,0
6350,0
5806,0
3207,1
1009,0
6470,1
4786,0
5858,0
3676,0
2511,1
2436,0
470,1
6475,1
2221,0
6978,0
2070,0
6895,0
5302,1
2438,0
3717,1
1840,0
5348,0
5776,0
3254,0
6479,0
3881,0
6935,1
1004,0
644,0
1413,1
998,1
169,0
2171,0
3331,1
6391,0
6413,0
1832,0
3598,0
528,0
6790,0
5019,0
495,0
6853,0
5571,0
4333,0
5339,0
1538,0
3446,1
5613,0
6509,0
2294,1
248,1
1908,0
1728,0
429,0
3990,0
2255,0
611,0
6001,0
2465,0
5318,1
6734,1
4570,0
120,0
4212,0
4038,0
6943,0
1770,0
1154,1
421,0
4024,1
618,0
2443,0
6282,0
4721,1
3327,1
5037,0
4143,0
4393,1
2869,0
6682,1
5772,0
4638,1
1966,0
1262,1
6170,0
3505,0
5277,0
6169,0
3833,1
5773,0
4005,1
3933,0
4269,0
5727,1
360,0
6180,0
2065,0
4347,1
6822,0
5912,1
4487,0
1368,1
3419,1
5015,0
6511,0
3959,1
6426,0
2598,0
4707,1
4733,1
597,1
4105,0
4994,0
5007,0
5717,0
4036,0
3447,0
1246,0
4898,0
2230,0
808,0
283,1
3263,0
1964,0
4782,0
4481,0
6671,0
6931,0
5902,1
2190,0
532,0
6987,0
5750,0
884,1
2333,1
1033,0
1019,0
5941,1
6405,0
3403,0
3035,1
2118,0
4718,0
619,0
1714,0
5723,0
3686,1
2663,0
6202,0
5418,0
980,0
4511,0
2550,0
6028,0
453,0
2032,0
4087,0
5511,0
6058,1
6172,1
6971,0
5192,0
81,0
4912,0
3217,0
5860,1
4693,0
5782,1
6894,1
1441,0
1355,0
4802,0
2957,0
23,0
6329,0
430,0
2860,0
2871,1
6691,1
2343,0
5022,0
3836,0
5756,0
791,0
1802,1
1121,0
5590,1
3818,1
3718,0
7005,0
6442,0
631,1
2348,0
1449,1
4573,0
5340,0
3519,0
2407,0
1913,0
4320,1
527,0
3182,1
1247,1
3883,0
2727,0
2820,0
2662,1
3030,1
3716,0
3986,0
2492,1
7018,0
6401,1
3522,0
5229,0
2857,1
5610,0
2020,0
4086,0
2747,0
6287,0
3229,0
3039,1
1378,0
3022,0
3290,1
107,0
6182,0
721,0
2726,0
4430,0
6035,0
6818,0
1286,0
2533,0
4658,0
3341,0
3218,1
2048,1
5605,0
3458,0
3984,0
3776,0
4324,0
5024,0
5025,0
2066,1
5506,0
3461,0
6561,0
3666,0
5168,0
6990,0
1210,0
5454,0
2022,0
2007,0
5813,1
614,0
6393,0
986,0
4607,0
1641,1
344,1
1850,0
1020,0
4499,1
2916,0
948,1
2168,1
1904,1
2406,0
3584,0
3784,0
5158,1
6301,0
3358,0
3791,0
165,0
7002,1
252,1
2848,0
5950,0
3476,0
1825,0
3170,1
6493,1
2001,0
6813,0
1288,0
5295,1
3205,0
5640,0
3850,0
804,0
6088,1
960,0
6839,1
2373,0
3794,0
2707,0
4398,1
5393,1
3097,0
385,1
3247,0
3757,0
6623,0
368,0
1320,0
4711,0
4846,0
6629,0
2974,0
1835,0
1754,1
4503,0
6981,1
3594,0
5458,0
450,0
5716,1
2611,0
2293,0
5314,0
4805,1
2124,1
262,1
2815,0
5382,0
4318,0
4012,1
2387,1
6477,1
1301,0
5765,0
2622,0
5153,0
5753,0
4779,0
3125,0
320,0
4800,1
1674,1
767,0
5002,0
1186,1
763,0
1611,0
5434,0
6951,1
1542,0
1952,0
5203,0
3895,1
2737,1
2324,1
725,1
6075,1
3015,0
4106,0
4397,0
1272,1
5099,1
6124,0
5047,0
4446,0
5140,0
3661,0
2364,0
867,0
6554,0
2069,1
4290,0
4396,0
5691,1
3493,1
3859,1
6516,1
6114,0
4815,0
5450,0
1630,0
4739,1
171,0
5219,1
3052,0
39,0
1142,0
821,0
2344,0
6745,0
2083,1
5521,0
692,1
4535,0
4198,1
2597,0
1477,1
210,1
4927,0
1461,0
3501,0
2224,0
2564,0
2416,0
4262,0
6612,1
5600,0
6744,0
3010,1
4362,1
1872,0
3355,0
1076,0
2874,0
5110,0
5957,0
3438,0
6584,0
6566,0
6242,1
1391,1
6838,0
1254,1
5588,0
807,0
2652,0
4610,1
2507,0
3610,0
1337,1
4339,0
3397,0
3115,0
4270,1
5266,0
937,0
3252,0
6121,1
4652,1
3977,0
2173,0
991,0
5050,0
6851,1
6398,0
4008,0
5027,0
4254,0
6157,0
4811,0
4655,0
4731,1
3371,0
296,0
1586,0
3406,0
1404,0
3649,0
52,0
2423,0
3893,1
1947,0
225,0
3593,0
6916,1
5678,0
6203,0
1958,1
293,1
2417,0
5249,0
1934,0
6355,1
3605,0
4089,0
5391,0
6686,0
6632,1
1263,0
1214,1
2360,0
496,1
3119,0
5910,0
7009,1
6381,1
2064,0
4242,0
3623,0
4167,1
4657,0
4392,1
2259,1
1221,0
5074,0
1209,0
3340,0
3771,1
5033,0
2060,0
2398,0
2619,0
684,0
1826,1
2172,0
3350,1
3652,0
5257,0
3453,0
2144,0
3812,1
2153,0
3046,0
1827,0
2660,0
4793,0
3310,0
1354,0
179,0
3048,0
2644,1
1999,0
3998,1
3796,0
6007,1
4163,1
1269,0
1532,1
4459,1
1152,0
4496,0
159,1
3782,0
5730,1
5919,0
1370,1
6989,0
2382,0
4851,0
3449,0
160,1
3014,0
3786,0
4890,1
572,0
1198,0
1305,0
403,1
4520,0
89,0
2637,1
2898,0
5891,0
1742,0
647,0
6958,1
4134,0
6768,0
2154,1
5342,0
2861,0
2394,1
1931,0
3296,0
6540,1
5625,0
5075,1
5142,0
4768,0
576,0
5587,0
2081,0
5638,0
6555,0
890,0
3555,1
5636,0
2729,1
340,1
822,0
2527,1
3819,1
2544,0
3719,0
3380,1
1422,0
2722,1
5487,0
6979,0
5,0
2475,1
65,0
2671,0
366,0
5597,0
1193,0
6188,1
4022,1
5777,0
4588,0
4423,0
5443,0
2085,0
4291,0
197,0
18,1
5300,0
2176,0
2473,0
1492,1
1382,0
6118,0
5212,0
4665,0
2897,0
6415,1
387,0
6761,0
6969,1
502,0
2750,1
2106,1
3533,1
1733,0
4303,0
6850,0
2878,0
1748,0
6928,0
4413,0
1523,0
3452,0
6372,1
5195,0
3075,0
5766,1
3126,1
1808,1
3763,0
6310,0
382,0
218,0
6941,0
509,0
3241,0
2041,1
401,1
6816,0
3556,1
5343,1
577,0
2548,0
3370,0
1478,0
2580,0
3315,1
5478,0
3503,0
2353,1
966,1
5623,0
3951,1
1536,0
98,0
5968,0
3177,1
3121,0
5573,0
3565,0
1877,0
3141,0
6773,0
2795,1
1346,1
6358,1
3525,0
3855,0
4689,0
4259,0
3012,0
4123,0
1995,1
6060,0
2401,0
3885,1
2226,0
6319,0
6251,1
3662,0
5296,0
829,0
2615,1
7006,0
5080,0
5172,0
6997,0
1234,0
6668,0
3890,1
4877,0
2278,0
343,0
4045,0
5178,0
1381,0
6783,0
1564,1
3700,1
5981,0
2924,0
2725,0
4275,1
4382,0
2961,1
436,1
2450,1
4874,0
376,0
6026,0
1181,0
3507,0
1734,0
5512,1
6097,0
6602,0
1261,0
2536,0
4944,0
3713,1
620,0
3946,0
59,0
5175,1
1658,1
1545,0
2944,1
2040,1
7020,0
5425,0
1830,1
4147,0
6520,1
4561,0
1316,0
4832,0
2589,1
2939,1
6996,1
4214,0
4872,1
443,1
5796,0
3445,0
5185,0
40,1
2784,0
6697,1
4201,0
5071,1
6298,0
1140,0
3424,0
1823,0
5953,0
5230,1
2415,0
2965,1
131,1
456,0
3823,1
4448,0
4479,1
5088,0
4634,0
4839,0
6942,1
2535,0
5732,0
2287,0
5401,0
2552,0
1848,1
3694,1
4597,0
2147,1
5848,0
1431,1
2605,0
874,0
5313,0
6614,1
1321,1
5139,0
2271,0
4187,0
5801,1
6617,0
786,1
449,0
6918,0
32,0
3485,0
2525,0
4776,0
5061,0
5509,0
1773,0
5268,0
6767,0
1275,0
3281,0
4311,0
4907,0
1679,0
6983,0
3399,0
4094,0
3957,0
1348,0
6423,0
102,0
117,0
6324,0
3457,1
1646,1
1760,0
3473,0
4767,0
4132,0
2539,0
2555,0
5792,1
6431,0
795,0
1496,1
425,1
5800,1
2400,1
3436,1
3023,0
1776,0
4836,0
5794,0
5094,0
3741,0
1458,1
3085,1
4847,0
4418,0
1122,0
5759,1
431,1
198,1
2497,0
2937,0
6306,0
1645,0
1921,0
3964,0
6125,0
2908,0
4365,0
5462,1
319,1
3178,0
4128,0
2534,0
4891,0
6778,0
3189,0
6764,0
1078,1
1740,0
1553,0
1882,0
3508,0
4267,1
240,0
6784,0
6408,0
148,0
1898,1
6576,0
6439,1
625,1
5505,1
2925,0
100,0
906,1
6651,0
3843,1
5596,0
472,1
3545,0
5548,1
2865,0
3377,1
6129,0
6037,0
6034,1
2648,0
279,0
6875,0
5397,1
6608,0
4602,0
560,0
4099,0
6441,0
6193,0
1405,0
2894,0
1543,0
1798,0
6535,0
4808,1
2802,0
2166,0
1910,0
2520,0
5561,1
5107,0
5656,0
484,0
4307,0
2600,0
5804,1
6285,0
5885,0
919,0
4122,0
2029,1
781,0
2385,0
1115,0
4389,0
4208,0
3381,0
5256,0
6403,0
3639,0
4133,0
5971,0
6335,0
4035,0
3129,1
6294,1
1172,0
1490,0
641,1
6785,0
2068,1
4096,0
3138,0
4690,0
6890,0
2569,0
1063,0
5363,0
2192,0
6610,1
1844,0
17,0
2012,0
3568,0
6724,1
569,0
1080,0
6051,0
6961,0
3307,1
1625,0
6887,0
5905,0
5764,0
3644,0
6449,0
6160,0
3551,0
5851,0
2262,0
2517,1
1171,1
6642,0
3434,0
3065,0
5555,0
1603,0
3144,0
4897,0
5688,0
4356,0
2270,1
2614,0
6323,0
2927,0
2100,1
4671,0
1777,0
1600,0
6443,1
1196,0
3193,1
4991,1
3779,0
4489,0
1980,0
2891,0
6056,0
5847,0
6815,0
4844,0
5060,0
6290,1
3311,0
5518,0
6517,0
2567,1
5105,0
4746,0
1796,1
5275,0
1883,1
5283,0
4445,1
506,0
5206,0
4865,0
105,0
1736,1
3795,1
5014,0
6543,0
2903,1
4001,0
2503,0
2058,0
6417,1
5869,0
5817,0
3275,0
2419,0
4929,0
5123,1
5076,0
5503,0
2926,1
6094,0
355,1
2759,0
2196,0
3642,0
2132,1
3832,0
2097,0
70,0
1792,1
3704,0
1700,1
6080,0
2677,0
4338,0
2220,0
772,0
4804,1
4647,0
1735,1
2084,0
6360,0
5726,0
1859,0
6794,0
3720,1
6454,0
2003,1
4747,0
2205,0
4244,0
5096,0
6929,0
2282,1
1258,1
114,0
2018,0
6885,0
6489,1
1192,0
424,0
4441,1
2508,0
5887,0
3612,1
4692,0
5556,1
1635,0
4790,0
2461,0
1862,0
4940,0
2336,1
4770,0
6137,0
6595,0
5653,0
5530,0
1415,0
5546,0
6923,0
5629,0
2645,0
2161,0
1129,0
4955,1
5536,0
3579,1
518,0
317,0
2026,0
2365,1
2253,0
4230,0
1746,0
3994,1
2330,0
122,0
3431,0
5495,0
6750,1
6932,1
335,1
1599,1
3941,1
254,0
1447,0
1025,1
5983,0
24,1
4336,0
4359,0
1091,0
555,1
5442,0
6721,0
5119,1
6844,0
1464,0
3222,1
831,0
3037,0
186,1
3066,0
2847,1
5527,0
2431,0
2625,0
1870,0
2755,1
5104,0
332,1
4920,0
2570,0
2056,0
6663,1
238,0
3460,0
1655,0
6828,0
5411,0
3156,0
3900,0
6706,0
5603,0
1264,1
6537,0
2444,0
3564,0
6111,0
1590,0
115,1
6199,1
3334,1
6232,0
2770,0
354,1
4341,0
6695,1
6582,1
3134,1
1638,0
3960,1
4871,1
3626,0
3937,0
2733,0
3536,0
6959,0
548,0
5372,0
6102,0
5948,0
2709,0
1204,1
1471,0
121,0
4431,0
4875,0
37,0
4280,0
394,0
4234,0
6702,0
6891,0
4263,1
3927,0
5993,0
1438,0
4154,0
395,0
377,0
4643,1
5227,0
6231,0
1978,0
462,0
4540,0
6660,0
3103,0
1751,0
6077,0
1692,0
3880,0
6567,0
1516,0
93,1
1819,0
5199,0
4512,0
5581,0
6239,0
832,0
1006,1
1856,0
4749,0
6670,1
2072,0
1231,0
5567,1
1841,0
4552,1
5415,0
2988,0
1362,0
2059,0
6824,0
1615,1
3081,0
3276,0
6422,0
5409,0
3506,0
113,0
5734,1
4349,0
1055,0
3640,0
3398,1
3827,0
2938,0
1479,0
5082,1
3801,1
3042,0
3828,1
2666,0
4972,0
415,1
249,0
4051,0
2273,0
2543,0
947,1
1096,1
6179,0
5086,0
3067,1
6412,1
4283,0
1893,0
2780,0
3002,1
247,0
6053,1
1069,0
3633,0
5868,0
3614,0
6438,0
5174,1
1577,0
216,1
1149,0
5537,0
6230,1
5146,1
5325,0
2789,0
72,1
3793,0
3343,0
850,0
4810,0
3647,0
5289,0
2043,0
690,0
3597,0
5116,1
192,0
239,0
790,0
5832,0
3062,0
6039,0
2036,1
2323,1
4152,1
7004,0
4331,0
2650,0
1249,0
6020,0
5337,0
4113,0
3236,0
5470,1
2367,1
5896,0
3588,1
3963,1
5208,1
3918,0
5970,0
3153,0
4471,1
634,0
5914,0
94,1
1820,1
4325,0
970,0
3566,0
830,1
1948,0
4527,0
545,0
5960,0
628,0
2062,0
2241,0
5328,1
2071,1
298,0
1871,1
5820,0
784,0
6957,0
5324,1
849,0
1164,0
5916,0
5657,0
505,0
4628,1
2537,0
6542,0
350,0
2929,0
4238,0
6700,0
5355,0
894,0
6669,0
5030,0
49,0
465,0
6210,0
3807,1
4949,0
745,0
1689,0
3671,0
6151,0
4213,1
1255,0
642,1
4533,1
2359,1
3592,0
146,0
5156,0
4514,0
2248,0
1945,0
5347,0
6293,0
1903,1
5069,1
2044,1
4541,1
6370,0
789,1
3802,0
1755,1
5444,0
6624,0
5927,1
3475,0
4709,0
4197,1
6219,1
4321,0
6122,0
6930,0
2317,0
3339,0
4654,0
1232,0
2751,1
3862,1
3693,0
2519,0
243,0
1747,0
5654,0
2993,0
1087,1
5026,1
6321,0
5377,0
3846,1
761,0
6276,0
652,0
4958,0
2809,0
3089,1
666,0
3947,0
1067,0
6385,0
4869,0
2699,0
5565,0
1644,0
4098,0
4461,1
500,0
526,1
655,0
38,0
5598,0
540,0
6390,0
1768,0
6920,0
6207,0
4370,0
33,0
2235,0
623,0
567,0
3913,1
4159,0
2655,0
6732,1
1695,1
235,1
1136,1
5049,1
347,1
1313,0
5705,0
206,1
6305,1
3487,1
3761,0
5344,0
2093,1
3337,0
3231,0
3586,1
2057,1
6607,0
1724,1
930,1
961,0
1442,0
4400,0
4174,0
96,0
5453,0
6522,0
6710,0
477,0
1117,0
6919,1
458,0
244,0
4083,0
2584,1
3333,1
3667,0
2264,0
6545,0
136,0
4388,0
5145,1
4369,1
2033,0
2633,1
1003,0
1878,1
3926,1
6777,0
917,0
6843,0
3747,0
2442,0
3495,1
853,0
6155,0
4477,0
1073,1
3848,0
6369,0
3001,0
5141,0
393,0
2931,0
5359,1
4571,0
2107,0
3730,0
1722,0
3673,0
4556,0
1951,0
6557,0
5135,0
76,0
5091,0
4144,1
897,0
483,0
42,0
629,1
4169,1
1671,0
2743,0
698,1
5351,0
5291,1
6806,0
515,0
4249,0
1338,0
67,1
751,0
4579,0
5237,0
3034,0
4908,0
2579,0
6730,0
1772,1
6804,0
682,1
563,0
5307,0
6655,0
3064,0
4492,0
3430,0
2970,1
353,0
4055,0
2445,0
4521,0
5834,0
4884,0
4042,1
6765,0
397,0
5545,0
6241,0
3359,0
1522,0
6501,0
6870,1
2918,0
1339,0
4340,0
4608,0
5894,0
4061,1
2636,1
1153,0
7007,0
312,0
6849,0
5558,0
6459,1
185,0
6132,0
4434,0
1531,0
4717,0
6685,0
4383,0
1022,0
454,0
3410,1
267,0
3352,0
5352,1
565,0
5232,0
3981,0
1213,0
3411,1
2234,1
6988,0
4414,1
3195,0
3322,1
6972,1
1581,0
6625,0
1177,1
2557,0
3409,1
3364,1
1789,0
237,0
964,0
5281,0
4210,1
865,0
5068,0
6738,1
6456,0
5246,0
378,0
4752,1
851,0
288,0
4457,1
2834,0
4069,0
1058,0
1147,0
4817,0
3894,1
1229,1
4145,1
6272,0
2488,0
1419,0
6647,0
5945,0
1650,0
6452,0
4901,1
474,1
6434,0
4100,1
819,1
95,0
2476,0
5770,0
2841,0
5330,0
6220,0
1693,0
1459,0
2697,0
3197,1
6872,0
370,0
4712,1
6579,0
6842,1
4209,0
3728,1
594,1
3451,1
6713,0
6538,1
2005,0
638,0
6551,0
167,1
1401,1
6156,0
6904,0
1052,0
6019,0
4848,0
4904,0
5609,0
2609,0
213,1
4659,0
3329,0
1782,0
3459,1
2164,1
6018,0
2951,0
4611,0
3278,1
6286,0
4409,1
423,0
5403,1
372,0
4151,0
2180,0
554,0
4454,0
1812,0
3870,0
1086,1
1223,0
2386,0
6513,0
2559,1
1323,0
3973,0
2354,0
1310,0
7027,0
5087,0
4557,1
6739,0
6598,0
759,0
60,0
56,0
2349,0
1285,1
5632,0
1206,0
1180,0
3084,0
5408,1
4018,0
6621,0
1166,0
5367,1
6463,0
1517,0
4952,0
558,0
4753,0
4843,0
3679,0
1761,0
1717,1
4941,0
1706,0
5744,0
6100,1
138,0
6491,0
6397,0
5795,0
1731,0
2369,1
6029,0
2941,0
3944,0
6457,0
1766,0
2859,1
531,1
1284,0
5459,0
187,0
5904,0
3874,0
673,0
412,1
5368,0
1514,0
2808,0
2267,1
1038,1
697,0
6654,0
5136,1
466,1
5245,0
6495,0
6005,0
4343,0
4040,0
2025,0
2499,1
7010,0
626,0
6061,0
4121,0
1515,0
4075,0
828,0
3412,0
3811,0
6680,0
4182,0
4375,1
5011,0
1488,0
4719,0
3531,0
242,0
3288,0
111,0
5278,0
3580,0
5207,0
1855,0
3088,0
2331,1
6569,0
2372,0
852,1
66,0
4644,0
2766,1
1342,0
4188,0
3999,0
5483,0
3450,1
3019,1
3169,0
5149,0
6937,1
4438,0
2028,0
1110,1
1036,0
5176,0
6119,0
1024,0
3955,1
4243,1
4312,1
4620,0
5749,0
299,0
4795,0
2890,0
2576,0
3099,0
5224,0
6856,0
3840,0
699,1
659,1
4091,1
3989,0
724,0
1765,0
670,1
4178,0
4980,0
1335,0
2742,0
6277,0
6469,0
3919,0
842,0
6013,1
4794,0
181,0
1520,1
5908,0
2055,1
264,0
1403,0
177,0
3130,0
1524,0
2290,0
6455,0
925,0
1795,0
3767,0
2563,1
295,0
5687,0
62,0
2779,0
5220,0
337,0
3136,0
2266,0
5850,0
3003,0
6083,1
4601,1
4903,0
6763,0
1235,1
1885,0
305,0
1289,0
5564,0
6356,1
3053,0
2325,1
2193,0
269,0
1208,0
5473,0
2250,1
6099,1
6482,0
814,1
3721,0
5994,1
426,0
4354,1
740,0
1530,0
90,0
6954,0
2710,0
1414,1
1927,0
5419,1
2653,0
3672,1
182,0
3711,0
4558,1
5248,0
1639,1
2299,0
1888,0
442,0
4501,1
5216,0
2651,1
3309,0
2947,0
788,0
3415,0
4125,0
4560,0
4509,0
5122,0
4729,1
2374,0
1486,0
2997,0
5190,0
6079,0
487,1
1891,0
5032,0
6757,0
1018,0
1769,0
6378,1
4367,1
2130,1
5525,0
4892,0
6500,1
4057,0
1013,1
3379,1
1322,1
1329,1
5331,1
6903,0
4407,0
3804,1
230,0
326,0
812,1
5058,0
1160,0
3299,1
4104,0
6223,1
4765,0
2077,0
6906,1
6718,0
4013,0
2978,0
573,1
7016,0
6432,0
4080,0
2781,0
4403,1
5871,0
818,1
5042,0
4959,1
6318,0
3500,0
3727,0
7025,1
609,0
6237,1
529,1
695,0
780,0
2681,0
1356,0
3174,0
5108,1
5824,0
742,0
1093,0
163,1
4720,0
983,0
4,1
4074,1
4049,0
1501,0
2078,0
5396,0
3372,0
5671,0
2649,0
4758,1
3301,0
2178,0
700,0
541,0
2163,0
2063,0
6384,0
2992,0
5683,0
1673,0
1953,1
3841,0
143,1
5374,0
3837,0
2099,0
5624,1
6017,0
5432,1
5582,0
6025,0
5975,1
2049,0
6681,0
5552,0
6270,0
6998,0
4301,0
3271,0
1678,0
651,0
6546,0
2140,0
2574,0
5519,1
816,0
5488,0
6803,0
694,1
3670,1
3576,1
6427,0
4472,1
1034,1
1293,0
5815,0
5276,0
2496,0
4041,0
3147,0
4111,0
717,0
2356,0
2245,0
5747,0
840,0
1809,1
2850,0
1104,0
878,0
2930,1
660,0
5917,1
2454,1
5009,1
2046,1
204,0
1867,0
3628,0
6311,1
130,0
1156,0
6980,0
4289,1
6616,0
4976,0
6364,0
2923,1
2791,0
1,0
3615,0
2607,1
3268,0
2855,0
5697,1
1109,1
2126,0
4439,0
232,0
3665,0
1865,0
1372,0
1801,1
716,0
1762,0
6268,0
4763,0
6440,0
5362,0
2787,1
4220,0
6821,0
2045,1
6128,1
137,0
591,0
6458,0
995,1
4127,0
5317,0
6523,0
5309,0
1957,1
6410,0
4412,0
6921,1
737,0
1060,0
2298,0
3809,0
1039,0
3677,0
1779,0
5652,0
6893,0
4656,1
1071,0
3688,0
3408,0
713,0
5247,0
4296,0
1074,1
41,0
3317,0
3279,1
2002,0
5413,0
1791,0
1687,0
2091,1
2882,0
1699,0
4109,1
715,0
490,0
542,0
1955,1
3856,0
4103,0
5040,0
4025,1
6881,0
3659,0
1056,0
4636,0
4852,0
3974,0
6553,1
4855,0
979,0
6766,0
1367,0
6292,0
3024,0
2919,0
457,0
2232,0
5551,0
4769,0
1682,0
1588,1
2404,0
1423,0
6070,1
5700,0
6257,0
1962,1
6389,0
2969,0
6826,1
2080,1
4528,1
1105,1
3465,0
3016,1
2643,0
4135,0
3114,0
2500,0
3242,1
1324,0
6665,0
2341,0
3702,0
6830,0
2098,0
5428,0
1125,1
6634,0
5451,0
5991,0
2197,0
3108,0
3991,1
6162,0
5004,0
203,0
2991,0
661,1
3162,1
5963,1
4285,0
2736,1
3437,0
2169,1
4085,0
3391,0
5696,0
51,0
6591,0
4029,0
2303,0
2953,1
1437,0
5936,1
870,0
5996,0
6166,0
4682,0
1793,0
2705,1
1220,0
2217,1
1664,0
1781,1
1928,0
6910,0
3595,0
2842,0
843,0
4840,0
943,1
6789,0
3192,1
77,1
2484,0
3729,0
4612,0
1392,1
1914,0
5306,1
5630,0
674,0
6010,0
801,0
2945,1
1585,1
1212,0
971,0
3971,0
380,0
5354,0
5899,0
895,0
5575,0
5989,0
981,0
719,0
5757,0
2275,0
520,0
4112,0
1066,0
409,0
255,0
5305,0
824,0
31,0
4384,0
2156,0
45,0
4812,0
5223,0
1307,0
953,0
5152,0
1427,0
2102,0
3657,1
3118,1
6300,1
4335,1
6736,0
228,1
5784,0
2554,0
3897,0
1939,1
2428,0
4854,0
5101,0
2949,0
2214,0
5928,1
2893,0
5474,0
5972,1
1015,0
4376,0
4067,1
386,0
1992,0
4524,0
3772,0
2764,1
1118,0
936,0
6798,1
2038,0
5737,1
3171,0
2920,0
2307,1
668,0
6502,1
2889,1
6127,1
4131,0
2399,0
4703,1
6101,0
6583,0
4058,0
3489,0
3132,0
1092,1
935,0
2087,1
1090,1
3988,0
2617,0
2566,1
868,1
2162,0
4515,0
3092,0
6467,1
2895,0
3698,0
6829,0
1251,0
640,0
2700,0
3392,0
4807,0
3086,1
3925,0
5204,0
3516,0
2206,1
4189,0
4304,0
1248,0
4505,1
